,Date,Tweet,tidy text,Vader Scores,Vader_Compound_Score,Textblob_Score,Plutchik,EmoLex_Score,Anger,Anticipation,Fear,Joy,Sadness,Surprise,Trust,Disgust,Stock_Price_Prediction
0,2023-01-05,"#MukeshAmbani, the billionaire chairman of #RelianceIndustries, will be focusing his attention on the Indian conglomerate’s pivot to #greenenergy, after putting his children in charge of other businesses. 

https://t.co/kwqBD5MwNt #Germany #increases #renewables #reliance in 2022 - reNews - Renewable Energy News https://t.co/yGizEqIApk #Reliance 2514 -&gt; 2575-&gt; 2611 
Negates -&gt; 2475 -&lt; DCB 

#Nifty #Motabhai #Reliance #NiftyFuture Neden Elektrikli forklift üretmeliyim ?

#Manufacturingindustry #Electricvehicles #Ev #Lev #Production #Micromobilite #Shipping #Logistics #Future #Cargo #Transport #Automotive #Automotiveindustry #Quality #Project #Engineering #Greenenergy #Reliance #For…https://t.co/TOS0UohAgK @iHrithik Remember this .?? 

""Glimpse of me trying his hooksteps""
I still remember I watched every ad in which  Hrithik's dance moves we're featured.!
#flashback #hrithikroshan  
#Reliance #dancewithhrithikroshan 
 @RelianceMobile @HrithikInspires @HrithikRules @ZoneHrithik https://t.co/JVQmvxgX4c #reliance
https://t.co/hMT8ZldseL Nifty Levels &amp; Strategy for 05/01/2023

#nifty #nifty50 #zerodha #hdfcbank #Reliance #ICICIBank #ICICI #sbin #KotakMahindraBank #Infosys #WIPRO #LTIMindtree #KOTAKBANK #BANKBARODA #adaniports #ADANIENT #SunPharma #DIVISLAB #reliancejio #banknifty #NIFTYIT #NIFTYFUTURE #NiftyBank https://t.co/HkJ2Ng92GN FII Cash &amp; Derivative Statistics Dated 05/01/2023

#nifty50 #niftyfinance #OptionsTrading #optiontrading #optionkipathshala #OptionChain #optiontrading #optionbuying #niftyoptions #Niftyfutures #NIFTYIT #nifty #zerodha #hdfcbank #Reliance #ICICIBank #ICICI #sbin #hdfcbank #kotak https://t.co/7oCkTz73r4 ? will close arround ?90/1$ in December 2023. #Xinvest

#USDINR #Gold #Silver #Bitcoin #forexsignal #HPCL #BPCL #IOC #Reliance #Infosys #TCS #inflation Nifty Walls - Top 5 Call Max OI Strikes Vs Top 5 Put Max OI Strikes Dated 05/01/2023

#nifty50 #zerodha #hdfcbank #Reliance #ICICIBank #ICICI #sbin #Infosys #WIPRO #LTIMindtree #KOTAKBANK #BANKBARODA #ADANIENT #SunPharma #NIFTYIT #NIFTYFUTURE #OptionsTrading #optionselling https://t.co/tz2gB3qmlj #RelianceIndustries' Chairman #MukeshAmbani will be focusing his attention on the Indian conglomerate’s pivot to #greenenergy. 

https://t.co/72HJxmJFs9 Nifty Scorecard Dated 05/01/2023

#nifty50 #zerodha #hdfcbank #Reliance #ICICIBank #ICICI #sbin #KotakMahindraBank #Infosys #WIPRO #LTIMindtree #KOTAKBANK #BANKBARODA #adaniports #ADANIENT #SunPharma #DIVISLAB #tvsmotor #reliancejio #banknifty #NIFTYIT #NIFTYFUTURE #NiftyBank https://t.co/wJaeh9MUgD #Reliance  Rating Update https://t.co/cl7QHV3FYY ????? ?????? ?? ???? ???? ????????? ?? ????? ?? ??? ???? ??? ??????? ?????????? ?? ??????? ?? ??????? ?????? ????? ?????? ?? ?? ????????
#CMYogi #MukeshAmbani #Reliance @myogiadityanath https://t.co/WpJNYdP7oB #Reliance https://t.co/QsUJbv9DpJ @TA_Purvesh @TA_Purvesh sir will #Reliance next move will decide future of #Nifty 

#TeamGarreb https://t.co/qfoX5JfE90 UP CM Yogi Adityanath met Reliance Industries Chairman &amp; MD Mukesh Ambani today at Hotel Taj in Mumbai.
They discussed on UP’s progress as India’s Growth Engine &amp; investment opportunities in the UP
@_MukeshAmbani
@myogiadityanath
#MukeshAmbani #YogiAdityanath #RelianceIndustries https://t.co/xO1CRBRHxy Hamdard Food Park Cluster to come up in Reliance Model Economic Township at Jhajjar https://t.co/WIdkAnWjoT #Reliance #ModelEconomicTownship #Jhajjar #Haryana #Hamdard #FoodParkCluster @netindian ????? ?????? ?? CM ???? ????????? ?? ?? ????? ?? ???? ??? ??? ??????? ?????????? ?? ??????? ? MD ????? ?????? ?? ?? ??????? 
???? ?? ????? ???? ?? ??? ??? ???? ?? ?????? ?? ????? ??? ????? ?? ?????? ?? ?? ?? ?????...

#MukeshAmbani #YogiAdityanath #RelianceIndustries #TajPalace https://t.co/VUl1DIeiOD Reliance and HDFC Bank Levels for Friday 6.01.2023. Let's see what happens.????#reliance #hdfcbank https://t.co/150nnavzXZ ????? ?????? ?? CM ???? ????????? ?? ?? ????? ?? ???? ??? ??? ??????? ?????????? ?? ??????? ? MD ????? ?????? ?? ?? ??????? 
???? ?? ????? ???? ?? ??? ??? ???? ?? ?????? ?? ????? ??? ????? ?? ?????? ?? ?? ?? ?????...
#MukeshAmbani #YogiAdityanath #RelianceIndustries #TajPalace https://t.co/yjuF6RodBs UP CM Yogi Adityanath met Reliance Industries Chairman &amp; MD Mukesh Ambani today at Hotel Taj in Mumbai.
They discussed on UP’s progress as India’s Growth Engine &amp; investment opportunities in UP...

@reliancegroup
@myogiadityanath
#MukeshAmbani #YogiAdityanath #RelianceIndustries https://t.co/UJc7Btb81A #JioCinema #reliance Dear Jio cinema how many times we have to start same movie from beginning??it’s quite irritating, hope you know that Very bad Network Last 3 week and not listen by any one for solutions 

So I suggest other don't by jio because he want only customer but he does not keep customers happy

#RelianceJio
#Reliance ????????? ???????? ??? ???? ???? ???????? ????? ???????? ?????? ???

#Gujaratimidday #middaynews #business #BusinessMan #BusinessNews #beverages #Reliance

https://t.co/VMImj0mhr1 Poll Time- 

#Sensex #Nifty #SGXNifty #Nasdaq #DowJones #DJIA #stockmarketcrash #BankNifty #Reliance #Titan #Infosys #ITC #TCS #HDFC #ICICI #TVS #psubanks #PSE #IOB #hdfcbank #AxisBank #StocksToTrade #StockMarket #StocksToBuy #GPPL #NiftyBank #NIFTYPSE #NIFTYMETAL Market Analy.
Date #5Jan2023
Top Traded Stock Under #NSE500 #tradingsetup #ArtificialIntelligence #investing  #BAJFINANCE #ICICIBANK #INFY #BAJAJFINSV #TATASTEEL #RELIANCE #HDFCBANK #AXISBANK #BHARTIARTL #SBIN #ITC #TATAMOTORS #YESBANK #HDFC #TCS

#StocksMarket #StockMarketindia https://t.co/riyf1hPhZF ?????? ??? #RelianceIndustries ?? ??????? ????? ?????? ?? ???? ???? ?? ???? ???? ?????????, ????? ?????? ?? ???????? ????? ?? ????? ?? ???? ??? ?????
#UttarPradesh #YogiAdityanath #MukeshAmbani ?????? ??? #RelianceIndustries ?? ??????? ????? ?????? ?? ???? ???? ?? ???? ???? ?????????, ????? ?????? ?? ???????? ????? ?? ????? ?? ???? ??? ?????
#UttarPradesh #YogiAdityanath #MukeshAmbani Jio True 5G | ?????? ?????????, ?????????? ?? ???? 5?? ???? ????

#JioTrue5G #Reliance #Odisha #Jio #????????????? #vistaranewskannada #vistaranews

https://t.co/ZwML5jk74j ?????? ??????-????? ?????? ????? ???????

????????? SOSYO??? ???? 50% ?????? 

#reliance #sosyo #ishaambani #mukeshambani #ambani #relianceretail #beverage #softdrinks  #gujaratinews #money9gujarati #finance #business #gujaratbuses 

https://t.co/zW0khqNm0W CM ???? ?? ?? ????? ?????? ?? ?? ???????, ???- UP ??? ????? ?????...??????? ?? ?????? ???? ????? 

#YogiAdityanath #MukeshAmbani #Reliance #UttarPradesh https://t.co/r5KZ80AZks #Reliance #Jio #UttarPradesh
CM Yogi Baba met #Reliance Industries Chairman &amp; Managing Director #MukeshAmbani at Hotel Taj in Mumbai. https://t.co/vKemvGNYh7 I part with the belief ""I never believe"".

????????????????
#reliance #OnLine #TheCreation #ecstasy 
https://t.co/DvwMQM0wCY ??CM Yogi Adityanath met Reliance Industries Chairman &amp; Managing Director Mukesh Ambani at Hotel Taj in Mumbai.

#YogiAdityanath 
#MukeshAmbani 
#UpGlobalSummit2022 
#Reliance https://t.co/EnzHXjKhlu Worst product ek dum ghatiya bakwas kachra jio book ( laptop ) Delhi k chor bazar se 1000 mai lekar ? 15000 mai sell kar raha hai jio shayad #jiobook
#Jiodown #JioTrue5G #jio5g #Reliance #RelianceJio ??????? ?? ????? ?? ?? ?????? ?????
#Reliance https://t.co/0lv5sIEm5g #UttarPradesh CM #YogiAdityanath met #Reliance Industries Chairman &amp; Managing Director #MukeshAmbani at Hotel Taj in #Mumbai. https://t.co/d0Vm7tbbvh ????? : ??????? ?????????? ?? ??????? ????? ?????? ?? ?? ???? ???? ????????? ?? ??????? ??.???? ???? ?? ?????? ???? ?????? ??????????? ???? 2023 ??? ??? ?? ?????? ???? !! #News #DelhiMirror @myogiadityanath #Meeting #RelianceIndustries #MukeshAmbani #Mumbai #Maharashtra https://t.co/eD5WDq2hV3 ????? : ??????? ?????????? ?? ??????? ????? ?????? ?? ?? ???? ???? ????????? ?? ??????? ??.???? ???? ?? ?????? ???? ?????? ??????????? ???? 2023 ??? ??? ?? ?????? ???? !! #News #UPMirror @myogiadityanath #Meeting #RelianceIndustries #MukeshAmbani #Mumbai #maharashtra https://t.co/Iz5FbI3nW2 ????? : ??????? ?????????? ?? ??????? ????? ?????? ?? ?? ???? ???? ????????? ?? ??????? ??.???? ???? ?? ?????? ???? ?????? ??????????? ???? 2023 ??? ??? ?? ?????? ???? !! #News #AgraMirror @myogiadityanath #Meeting #RelianceIndustries #MukeshAmbani #Mumbai #maharashtra https://t.co/7BuwTkIBkU CM ???? ?? ?? ????? ?????? ?? ???????, ???- UP ??? ????? ?????...??????? ?? ?????? ???? ????? 

#YogiAdityanath #MukeshAmbani #Reliance #UttarPradesh https://t.co/Mh36txKOtC ???????????  ???? ????????? ?? ????? ?? ??? ???? ??? ??????? ?????????? ?? ??????? ?? ??????? ?????? ????? ?????? ?? ??????? ?????

#CMYogi #MukeshAmbani #Reliance https://t.co/848ULO4FWK Market View 06 Jan
#nifty #banknifty #Reliance #hdfclife 
#hdfcbank #StocksToBuy #StocksToSell 

https://t.co/7vykOLZB3F https://t.co/YYZoym59Po Reliance consumer products announced that it would acquire a 50% equity stake in Sosyo Hajoori Beverages.

Visit us: https://t.co/jsOEBXdyPY

#Bengaluru #StockMarket #Reliance #Merge #acquisition #FMCG https://t.co/eouHHRf51X ????? ?????? ?? ???? ???? ????????? ?? ????? ?? ??? ???? ??? ??????? ?????????? ?? ??????? ?? ??????? ?????? ????? ?????? ?? ?? ????????
#CMYogi #MukeshAmbani #Reliance https://t.co/9jl1EwDXLD #RelianceIndustries ?? ????? ???? ????? ?????? ????? ??? ??????????? ?? ??????????? ???? @myogiadityanath ?? ???? ?? ??? ?????? ??? ??????????? ?? ???? ????? ???. 
#upglobalinvestorssummit #YogiAdityanath #MukeshAmbani https://t.co/9fEhSBjHOs Microsoft is now building global products in India: CEO Satya Nadella #Microsoft #Nadella #India #VirtualReality #Upi #UnitedPaymentsInterface #Metaverse #TataDigital #RelianceIndustries #Internet #MicrosoftIndia  https://t.co/UdO3z6Gxwm Indian consumers in no rush for faster grocery deliveries: Survey #GroceryDelivery #QuickCommerce #Swiggy #Localcircles #Dunzo #SwiggyInstamart #Bigbasket #Reliance  https://t.co/6nhcBTF9Zg ????? ?????? ?? ???? ???? ????????? ?? ????? ?? ??? ???? ??? ??????? ?????????? ?? ??????? ?? ??????? ?????? ????? ?????? ?? ?? ????????
#CMYogi #MukeshAmbani #Reliance https://t.co/D7tzpERbEZ @chartians What about this ?
#Reliance #Nifty50 https://t.co/Np5ecBIKRw ??Incredible ?? Support And Resistance  (Reliance) #reliance 05.01.2023
After Market Levels Performance. https://t.co/lPBrP10tED #Mumbai ???? ?? ???? ???? ????????? ?? ??????? ?? ???? ??? ??? ????????? ????? ?????? ?? ?? ??????? @inextlive @Dharmendra_Lko 
#GIS #RelianceIndustries #MukeshAmbani @myogiadityanath https://t.co/YuaFn9E4h7 Mukesh Ambani Is Betting On THIS To Dominate The Next Decade With Reliance Scions 
#Reliance #MukeshAmbani #IshaAmbani #AnantAmbani #AkashAmbani #KaranAdani #Business
https://t.co/3Ouv4YUU3y #NEWS #Reliance #Tata #ITC #MukeshAmbani #Ambani #Startup #DT #Independence #FMCG #Daboya #Daboyatechnologies US Stock Market Recap 2022??

Watch our Report of Sector-wise Yearly Returns

For More Info Join Our Reflection Community??
https://t.co/dIucDJlWeH

#Reflection #Blockchain #Cryptocurrency #Crypto #Trader #tokenizedstock #DIA #RELIANCE #BerkshireHathaway #StableCoins #trading https://t.co/ZddwujqwEU #RelianceIndustries $RELIANCE Daily #Stock Chart with 50 days #Fibonacci Retracement Levels
Fibonacci #Support Levels 2508.84, 2501.75, 2432.8
Fibonacci #Resistance Levels 2555.88, 2593.9, 2631.92
Open account at https://t.co/giz54B9qdU and start #investing in #StockMarket https://t.co/CKpcKXFXQA Reliance: ????? ?????? ??????? ????? ??????, ?????? ?? ???? ???????? ????????

#middaynews #business #BusinessMan #BusinessNews #RelianceIndustries #Reliance #MukeshAmbani #dhirubhaiambani #anantambani #akashambani #ShlokaMehta #greenenergy #ishaambani 

https://t.co/dCBPra15gU https://t.co/mJNNCbGR8E New House of Manoj Modi Employee of Reliance. Cost ~$175 million or INR 1500 crores, 22 floors &amp; gifted by businessman Mukesh Ambani. The Inside Story.

#ril #relianceindustries #jiomobile #jiomart #retail  https://t.co/PUkaWodxvV RELIANCE ??

??Two trendlines making one Common Support ??
??Near Long term Support too
??Good Bounce possible from Trendline or in Near term soon, 

Watch Closely ?

#Reliance #StockMarket #stocks #StocksToBuy #investor https://t.co/Ofu1AZXEqb Cybersecurity and network engineers among most sought after job profiles in telecom in 2023 #NetworkSecurity #Healthcare #Airtel #CloudComputing #DataScientists #BhartiAirtel #VodafoneIdea #Reliance #Airtel  https://t.co/EbKF38Dw9A I trust the guidance of Soul.
I flow down the river of Life.

???????
????????????

Now is all.

????
#GoingDownstream #reliance #Soul #NowIsAll
https://t.co/PkzxSOY1s0 ????????? ???????? ?????? ????????
https://t.co/VawIy1Upv3
#Reliance #RelianceIndustries #BusinessNews ??Reliance Jewels is Hiring
??Apply Here =&gt; https://t.co/BxBidvbAyP
??Telegram Link =&gt; https://t.co/g3ZAVW7zb0

#Reliance #jewels #hiring https://t.co/NewlTx7IYx Bloomberg: Mukesh Ambani Drives $75 Billion Reliance Green Bet With Children Heading Units. #reliance 
https://t.co/33I6hoz5jT

via @GoogleNews Unknown Facts About Mukesh Ambani's 15,000 Crores Antilia !!
#MukeshAmbani #Reliance #antilia #mumbai 

https://t.co/NiiHIeyBmQ Here is a list of the top tax-paying companies in India in the fiscal year 2022. (FY22).

#swyomcapital #wealthmanagement #money #income #hasslefree #highesttaxpayingcompanies #reliance #equity #growth #financialservices #taxpayers #infosys #icici #tatasteel #TCS #financeadvisor Jio signs deal with Manchester City to become mobile communications network partner in India #akashambani #city #Jio #JioPlatformsLimited #jioengage #mancity #Reliance #reliancejioinfocommlimited #rise #RISEWorldwide https://t.co/Rf23YGKmNT
https://t.co/8rmMx9QlHA #Nifty #Banknifty in January 2023 #Reliance #HDFCBANK #GANN #financialastrology  #stockmarketindia #astrologyforstocks 

https://t.co/WeoQxpRNsw via @YouTube #RelianceIndustries' Chairman #MukeshAmbani will be focusing his attention on the Indian conglomerate’s pivot to green energy.

https://t.co/72HJxmJFs9 To support the 17th Edition of the Pravasi Bharatiya Divas and Global Investors Summit to be held in Indore in January 2023, Reliance Jio confirms the launch of True 5G in Indore and Bhopal. 

#5gIndia #5gnetwork #reliance #reliancejio #mukeshambani #reliancedigital #indianews https://t.co/pV6AWCgcOd One of the fake and worst company @RelianceDigital shows insta delivery but still not received Dear @JioCare @reliancejio please cancel my order and refund immediately ?

Order ID : RDF46065492 

#FakeReliance #FakeCompany #jio #Reliance #india Evening Market Set Up:
#Nifty ended below the psychological mark of 18000 in today’s trade led by selling in a few index heavyweights like #Bajaj twins and #HDFC twins followed by other stocks like #Reliance. 
Bajaj Finance #NiftyBank #BajajFinance From complex asset pooling and low-ball offers to a rather fashionable e-auction, everything has been tried in this insolvency. #Reliance 

Read @Vishwanath4389's report.

https://t.co/JYfJ0HzBJe Tchinical Analisys Update #05Jan2023 13:01
Stock : #RELIANCE
30 Min RSI :31.87
30 Min RSI Comment :Weak with Negative Bais
30 Min Histogram :-0.5 Bearish
#investing #nifty #nifty50 #StockMarcket #business #finance #Financial #invest #stocks #technical #analisys India is showing intense tech usage, Microsoft investments significant: Satya Nadella #MicrosoftSatyaNadella #SatyaNadella #India #Microsoft #Tatas #StateBankOfIndia #SencoGold #Reliance #StateBankOfIndia #Reliance  https://t.co/Rd9J0Nc2R5 #Reliance day high of 2536 #CMP 2521

Happy Trading

#MWM
#StockMarket 
#NSE
#Analysis
#FnO #JIO LAUNCHES TRUE #5G IN #Odisha 

Source: #NSE  #BSE  
#stockmarket #investing 
#RELIANCE https://t.co/41P5hEaldU ?????????? ???? ???????: 

???????? 100 ???? ???? ?????????? ??????? ‘??????’??? ???????? 50 ??? ?????? ??????.

#rajkot #rcr #rangchherajkot #update #reliance #bignews #softdrink #sosyo #rcrnews #joinme #rcr https://t.co/v9lT95XNHr ???? ???? ???? ?? 12 year ?? ??????? (2008-2020) ????? 1.5 year ?? ???? ?? ???? ?? ???? ?? ?????

#nifty #sensex #indianmarket #india #reliance #Reliance ???? on the #NSE #Block of 29,985 shares at Rs. 2512.00 worth 7.53 crore rupees at 3:04 PM #blockdeal #intraday #trade

#Sundram ???? on the #NSE #Block of 102,348 shares at Rs. 1005.00 worth 10.29 crore rupees at 3:02 PM #Lupin 750 CE

Observe the #PriceAction in the chart...

 #ChartAnatomy
 #reliance #BREAKOUTSTOCKS #stockmarketcrash #StocksToBuy #StockMarket #AdaniEnt #BankNifty #StockMarketindia #niftyit #yesbank https://t.co/W1589KiAPu #India’s small and medium #businesses (SMBs) is set to get boost with the #Facebook and #Reliance deal Facebook announced to invest Rs 43,574 crore into #JioMart #jio 

Facebook and Reliance Deal to push JioMart through WhatsApp https://t.co/BfmIrCRnii T9 Banknifty Future Buy 42718
#StocksInFocus 
#StockMarket #StocksToBuy #TradingView #Banknifty #Nifty50 #finnifty #Breakout #SharkTankIndiaS2 #HappyNewYear #reliance #BajajFinance #bajajfinserv #hdfcbank #GOLD #sensex #adani https://t.co/vbs3TRYpZh #OptionChain - #RELIANCE
#Stock #Bearish
#PCR :0.51
Max #CA buildup at 2500,windup at 2600 #PE buildup at 2400 windup at 2480
High #OI CA at 2600,2700,2800 PE at 2600,2500,2400
Open account at https://t.co/giz54B9qdU and start #investing in #StockMarket https://t.co/0Fzjl9Pncf Jio launches True 5G in Odisha

#RelianceIndustries #INE002A01018 #Jio #True5GServices #Odisha 

https://t.co/alcOk2HtxE https://t.co/Hh9Lwk9119 #Lupin 750 CE
16.25-16.80

""Can b Carry Forwarded""

 #ChartAnatomy #reliance #BREAKOUTSTOCKS #stockmarketcrash #StocksToBuy #StockMarket #AdaniEnt #BankNifty #StockMarketindia #niftyit #yesbank MARKETS MAY FLUCTUATE
BUT INVESTING CONSISTENTLY IS ALWAYS GREAT

#INVEST, &amp; RELAX WITH YOUR #INVESTING

JOIN US NOW??
https://t.co/dIucDJlWeH

#Reflection #Blockchain #Cryptocurrency #Crypto #Trader #tokenizedstock #DIA #RELIANCE #BerkshireHathaway #Exxon #StableCoins #trading https://t.co/ounyUxvmSe #reliance

Time for bulls jo join party https://t.co/jv1mIfdw7L Noticed in last few years, in Most Casino Days #Reliance play major role to fuck #Retailers Derivatives Traders https://t.co/8n10FklcHX Mukesh Ambani: ???????.. ??? ???????? ???????? '???'????.. ???? ????????? ??????????..!  #reliance #mukeshambani #????????? #????????????? https://t.co/CpnmRTnbvb #RelianceIndustries $RELIANCE Daily #Stock Chart with 20 days #Fibonacci Retracement Levels
Fibonacci #Support Levels 2492.25, 2388.58
Fibonacci #Resistance Levels 2528.15, 2531.84, 2556.33
Open account at https://t.co/giz54B9qdU and start #investing in #StockMarket https://t.co/0h8u84bhuc UBS has maintained its ""buy"" rating on #RelianceIndustries with an unchanged target price of ?3,250 apiece, which represents a potential upside of 29% from the stock's previous closing price.

#stockmarket #Stockpicks #investing 

https://t.co/1V5aJUm4TT Trailing SL triggered in Reliance at 2512.25
Monthly intraday P&amp;L: -0.05% [ without leverage ]
Follow ups of our Intraday Trades are available first at https://t.co/YppXZvyhOT
#reliance #nifty #intraday #RelianceIndustries $RELIANCE Last 6 months Daily #StockMovement Line #Chart
Max downward movement was -3.3%
Max upward movement was 3.44%
Stock majorly moved between -1.35% and 1.32%
Open account at https://t.co/giz54B9qdU and start #investing in #StockMarket #NSE #BSE https://t.co/icK3QO7EWA ?????????-??? ??? 5G, ??????? ?????? ?? ?????? ?????? ????????? ?????? ?? ?????? ??? ????? ?? #Jio ?? 5G ??????
#AshwiniVaishnaw #DharmendraPradhan #MukeshAmbani #RelianceIndustries #Odisha https://t.co/cNkJV5IKpq Alert Sell #RELIANCE CMP: 2507.85 #NimblrTA 

Alerts are delayed and for educational purpose only.
For live alerts and screener use tools at https://t.co/KXTzCDDkXv 
Join on Telegram: https://t.co/cOyLHLAE69 https://t.co/TxMoiYQGm0 Time to lock the profits. Move SL to 2512.25
#reliance Move SL to 2517. Nothing at stake on this trade now.
#RELIANCE RELIANCE ??

#RELIANCE - Company update
https://t.co/Ydl9sHtsk2

#investing https://t.co/vvFkkKDeet JIO LAUNCHES TRUE 5G IN ODISHA

#RELIANCE #JIO #LAUCHES #5G #ODISHA https://t.co/4AwwkOlwZf 05/01/23 #Crude #CrudeOil #Nifty #NIFTYIT #NIFTYPSE 

"" Nifty CAPITAL protection call ""
1st call: sold at 18182

2nd call : Again Sold at 18062

18062 &gt; 18008

#trading #SGXNifty #BiggBossTamil6 #Reliance #OptionsTrading  #VarisuTrailer #Thalapathy67??  #nseindia #Trader #stocks https://t.co/lFTPjfh8HW Isha Ambani is leading Reliance Retail on a path of tremendous inorganic growth targeting acquisitions and smaller FMCG companies across the country. 

Watch: https://t.co/nscDbNpLnk | #IshaAmbani #FMCG #MukeshAmbani #Reliance https://t.co/1uUYcc1H87 A bidding process at #Reliance Capital has turned into one of #IBC's core questions: process sanctity or value maximisation?

Read @Vishwanath4389's report. 

https://t.co/JYfJ0HA9yM For, #Intellect 440 PE

Clearly mentioned- "" Don't Miss ""

&amp;
it Rewarded &amp; Rewarding as expected! ????
?????? 
??????

 #ChartAnatomy #reliance #BREAKOUTSTOCKS #stockmarketcrash #StocksToBuy #StockMarket #AdaniEnt #BankNifty #StockMarketindia #niftyit #yesbank Move SL to 2522
#Reliance #Intellect 440 PE

unSTOPpable... ??
???????????? ??

made 22.85 ????

??????
??????

 #ChartAnatomy #reliance #BREAKOUTSTOCKS #stockmarketcrash #StocksToBuy #StockMarket #AdaniEnt #BankNifty #StockMarketindia #niftyit #yesbank We are underperforming all major Asian Indices. IT and Financial stocks dragging down #Nifty 

#Reliance also under pressure for second consecutive day.

What is the fear factor for us - upcoming results season or Union Budget? 

#stocks The Green Hydrogen Economy Will Need To Nurse India’s Water Economy Too

@AdaniOnline @MainstreamRP @Officialmesl #Reliance  @H2_SouthTyrol  

https://t.co/3VD7CjmloH Prithvi Ambani’s Birthday Bash: From Exquisite Décor To Fun Rides And Food Stalls, Take Look At The Pictures-Videos Of The Venue

#Trending #Viral #Reliance 

https://t.co/DT5IXDdWO0 Tchinical Analisys Update #05Jan2023 09:32
Stock : #RELIANCE
1 Day RSI :35.14
1 Day RSI Comment :Weak with Negative Bais
1 Day Histogram :-4.93 Bearish
#investing #nifty #nifty50 #StockMarcket #business #finance #Financial #invest #stocks #technical #analisys BEARS BE CAUTIOUS

#RELIANCE 

Mota bhai may rock

CMP days low Alert Sell #RELIANCE CMP: 2516.3 #NimblrTA 

Alerts are delayed and for educational purpose only.
For live alerts and screener use tools at https://t.co/KXTzCDDkXv 
Join on Telegram: https://t.co/cOyLHLAE69 https://t.co/BTqGnlNfbz This time who #Reliance or #Adani ?? https://t.co/KKxwkJC83y Banknifty Looking For Reversal From Here..Last Support for Buyers 42516! 
#Nifty #banknifty #Traders #StockMarketindia #stockmarkets #Options #optionbuyers #reliance #HDFCBank https://t.co/CEp86xunpv Mukesh Ambani to pass buck to Akash-Anant-Isha for $75-billion #GreenInvestment

#Reliance

#India #Business #Investment 
https://t.co/qT81nTLv4t
Via https://t.co/BNvPT2wabS https://t.co/3RkSSOWqZK Reliance Industries Ltd., will be focusing his attention on the Indian conglomerate’s pivot to green energy, according to people familiar with the matter, after putting his children in charge of other businesses.
#Reliance #MukeshAmbani #Investment #GreenEnergy https://t.co/dnbkJeApEt Did you know? The legendary Italian car brand, Ferrari, originated in Italy in 1939.

#Reliance #RelianceIndustries #GeorgiaGullini https://t.co/mm9xhBMfS1 Since morning #Reliance was holding #Nifty. It seems Reliance has given up. #Bears might have really attacked it in a big way
D: For educational purpose only.
T: https://t.co/ERo66diYP6
#OptionsTrading #options #optionbuying #StockMarket #stocks #trading #NSE #niftyOptions #Reliance - ????? ?????? ??????? ????? ?? ?????????? ?????? ?? ????, ?? ????? ?? ?????? ????

#MukeshAmbani #Reliance #greenenergy #RelianceRetail #business #latestnews #moneycontrol
https://t.co/HizsmLuyyP 100 ???? ???? ?????? ????????? ??.50????? ???? ??????????? ???????? ?????

#Reliance #PercentStake #Beverages #sosyo 

https://t.co/k4mOrnlB2G Trade Active
#reliance ?? A decade ago, the global economy was being set for one of the longest continuous stretches of economic growth.

?? It's 2011, and you have ?1L

?? Where are you investing
?? Bitcoin (#BTC)
??Tesla (#TSLA )
??Reliance (#Reliance )

#BTC #Bitcoin 
?? Let us know in the comments https://t.co/T74nmuICcQ #JubilantFood ???? on the #NSE #Block of 125,001 shares at Rs. 497.10 worth 6.21 crore rupees at 11:23 AM #blockdeal #intraday #trade

#Reliance ???? on the #NSE #Block of 23,109 shares at Rs. 2518.00 worth 5.82 crore rupees at 11:23 AM #news #Reliance #evcharging https://t.co/SEneequR5X Dunzo is improving incentives for delivery partners, says CEO #Dunzo #Biswas #RelianceIndustries #PanCard #FoodInflation  https://t.co/6PACQ278Ly #GodrejCP 910 CE

made 29.85 ????

??????
??????

 #ChartAnatomy #reliance #BREAKOUTSTOCKS #stockmarketcrash #StocksToBuy #StockMarket #AdaniEnt #BankNifty #StockMarketindia #niftyit #yesbank Sell Reliance for intraday once it breaks 2517. Target: 2502/2488. SL: 2530.05
#reliance #nifty #intraday https://t.co/UwWugOygzj #RelianceInd 
Buy Reliance Industries at2518-2518.25 add more at 2480-2480.25 &amp; more at 2450-2450.25 sl 2433 for probable targets of 2700 &amp; 2850
#vision
#value
#investments
#wealth
#bseindia
#nseindia
#Reliance 
#Ambani #reliance below 2515 will be extremely bearish targets 2500-2490-2450 can be achieved on intraday #Nifty50 https://t.co/qpbmPFK1r4 1. #Reliance/GAIL: Major green hydrogen energy players are set to benefit after the government on Wednesday approved the National Green Hydrogen Mission with an allocation of ?19,744 crore, aimed at producing 5 million tonnes of green hydrogen annually by 2030. #GodrejCP 910 CE

faayerred ??????

??

made 27.55

 #ChartAnatomy #reliance #BREAKOUTSTOCKS #stockmarketcrash #StocksToBuy #StockMarket #AdaniEnt #BankNifty #StockMarketindia #niftyit #yesbank #MukeshAmbani driving $75 billion green bet as scions helm other #Reliance units

Mukesh Ambani, the billionaire chairman of Reliance Industries Ltd., will be focusing his attention on the Indian conglomerate’s pivot to #green energy. https://t.co/RLmJhNLXwy #GodrejCP 910 CE
24.3-25

 #ChartAnatomy #reliance #BREAKOUTSTOCKS #stockmarketcrash #StocksToBuy #StockMarket #AdaniEnt #BankNifty #StockMarketindia #niftyit #yesbank Reliance arm to acquire 50% stake in Gujarat-based Sosyo Hajoori Beverages

Business &amp; Financial News | Share Market News | Stock Market
#businessnews #financialnews #marketupdate #stockmarketnews #sharemarketnews #gold #iponewslatest #orientcement #apple #tesla #reliance https://t.co/fIpFiUawXn Kya Lagta Hai #DHIRUBHAI Aaj Weekly Expiry ko Positive Banayenge?

#RELIANCE cash cmp 2520-2521
Support 2502 (2487)

High 2536.40 Low 2515 Union cabinet approves Rs 19,744 Cr for National Green hydrogen mission

- #Reliance #Adani, L&amp;T have big plans on Green hydrogen project

- ACME Grp to invest Rs 52,474 Cr Hydrogen plant in #TamilNadu https://t.co/VTxbFEjaa3 #RELIANCE daily chart 

#StocksToWatch #StocksInFocus #stocks https://t.co/2yJVoUJzyW #Reliance ???? Buy #Reliance Fut cmp 2540
#Nifty Bought #reliance 2560 ce at 43 #Reliance  short krneka man kr rha h 
Can I do ??? Part with the belief ""I never believe"".

????????????????
#beingness #OnLine #TheCreation #reliance 
https://t.co/szGHt5S56k The more you trust your life, the more the conditions that was given to your Life become the consequence to act on a plus.

?????????????????????????????????????
#Wisdom #blessing #reliance 
https://t.co/bZx5pdn0g9 #Reliance 2527
Mukesh Ambani Driving $75 Billion Green Bet As Scions Helm Other Reliance Units

Read more at: https://t.co/IEIRROseTN
Copyright © BQ Prime #crude price fall,#reliance share price,#jreliance share news,#pharma stocks,#corona news,#corona latest news,#covid latest news,#reliance stock news,#stock market fall reason,#stock market fall,#stock market crash,#stock market,#sbi share news,#awl share news, #patanjali share https://t.co/CMDFfvvIPd Daily Update #05Jan2023 09:25
Stock : #RELIANCE
OPEN :2557
HIGH :2561.05
LOW :2514
CLOSE :2518.55
PreClose :2557.05
Change :-38.5 (-1.51%)
#investing #nifty #nifty50 #StockMarcket #business #finance #Financial #invest #stocks #NIFTY50 IS OPENING 66 POINTS GAP UP, IF NO SELLING AT OPENING, IT SHALL SUSTAIN AND TRY TO MOVE UP.
STOCKS TO TRADE:
#RELIANCE 
#TCS 
#BAJFINANCE 
#BHARTIARTL 
#ICICIBANK #frontpage_app #SelfRespect #reliance
https://t.co/h4Qx4MFe82 Microsoft is now building global products in India: CEO Satya Nadella #Microsoft #Nadella #India #VirtualReality #Upi #UnitedPaymentsInterface #Metaverse #TataDigital #RelianceIndustries #Internet #MicrosoftIndia  https://t.co/ytv1PfVDor #Market #Update

Follow @StockInvesta now

#StockMarket #niftyOptions #banknifty #StocksToBuy #StocksInFocus #StockMarketIndia #Zerodha #StockToWatch #DowJones #NASDAQ #VerifiedBySensibull #AXISBANK #sharemarket #optionbuying #HDFCLIFE #Reliance #Adani #Dmart #SGXNifty #Expiry https://t.co/1bMTifpizv #MukeshAmbani will be focusing on #Reliance’s pivot to green energy, after putting his children in charge of other businesses.   

https://t.co/72HJxmKdhH Cloud Economics: The CIO Handbook #RajeevBatra #GopiThangavel #RelianceIndustries #Ibm #GroupTechnologyOfficer #GroupCio #EtcioCloudAndDataCenterSummit #AbhishekSukhwal #MahindraMahindra #BennettColeman  https://t.co/QnSNNMzSmx Microsoft is now building global products in India: CEO Satya Nadella #Microsoft #Nadella #India #VirtualReality #Upi #UnitedPaymentsInterface #Metaverse #TataDigital #RelianceIndustries #Internet #MicrosoftIndia  https://t.co/H0DQohMSZs Microsoft is now building global products in India: CEO Satya Nadella #Microsoft #Nadella #India #VirtualReality #Upi #UnitedPaymentsInterface #Metaverse #TataDigital #RelianceIndustries #Internet #MicrosoftIndia  https://t.co/6hYVze5oWy ?????????? Sosyo?? ????? ???? ?????: ???????? 100 ???? ???? ?????? ??????? ?????? ????? ???????? ???????? ?????????? 50% ?????? ?????? ????
#Reliance | #SosyoHajooriBeverages | #PrivateLimited
https://t.co/Jw5wS13M0n India showing intense tech usage I’ve not seen before: Satya Nadella #Microsoft #SatyaNadella #India #Tatas #StateBankOfIndia #SencoGold #Reliance #TataDigital #Jio #StateBankOfIndia #Reliance #Internet  https://t.co/yaCXySliU4 India showing intense tech usage I’ve not seen before: Satya Nadella #Microsoft #SatyaNadella #India #Tatas #StateBankOfIndia #SencoGold #Reliance #TataDigital #Jio #StateBankOfIndia #Reliance #Internet  https://t.co/DlIzW6SDrm #JIO #MukeshAmbani #AkashAmbani #sandipdas #telecommunication
#28days #recharge @reliancejio @reliancegroup #Reliance https://t.co/dA462e7CFQ #Reliance. Will it break the trend line or bounce. 2490 is strong support. Can bounce from that level. But Daily close below 2520 is a trouble. https://t.co/XvCuBpdCIu #RELIANCE: Head and Shoulders Breakout https://t.co/51MEfpC4bz #RelianceIndustries $RELIANCE Monthwise Daily High - Low Movement Box Plot
Avg day swing for last month is 34.35
Avg day swing for last 5 months is 42.99 https://t.co/A6kjyzeKx8",#MukeshAmbani  the billionaire chairman of #RelianceIndustries  will be focusing his attention on the Indian conglomerate s pivot to #greenenergy  after putting his children in charge of other businesses    https   t co kwqBD MwNt #Germany #increases #renewables #reliance in        reNews   Renewable Energy News https   t co yGizEqIApk #Reliance        gt        gt        Negates   gt         lt  DCB   #Nifty #Motabhai #Reliance #NiftyFuture Neden Elektrikli forklift  retmeliyim    #Manufacturingindustry #Electricvehicles #Ev #Lev #Production #Micromobilite #Shipping #Logistics #Future #Cargo #Transport #Automotive #Automotiveindustry #Quality #Project #Engineering #Greenenergy #Reliance #For https   t co TOS UohAgK  iHrithik Remember this        Glimpse of me trying his hooksteps  I still remember I watched every ad in which  Hrithik s dance moves we re featured   #flashback #hrithikroshan   #Reliance #dancewithhrithikroshan    RelianceMobile  HrithikInspires  HrithikRules  ZoneHrithik https   t co JVQmvxgX c #reliance https   t co hMT ZldseL Nifty Levels  amp  Strategy for             #nifty #nifty   #zerodha #hdfcbank #Reliance #ICICIBank #ICICI #sbin #KotakMahindraBank #Infosys #WIPRO #LTIMindtree #KOTAKBANK #BANKBARODA #adaniports #ADANIENT #SunPharma #DIVISLAB #reliancejio #banknifty #NIFTYIT #NIFTYFUTURE #NiftyBank https   t co HkJ Ng  GN FII Cash  amp  Derivative Statistics Dated             #nifty   #niftyfinance #OptionsTrading #optiontrading #optionkipathshala #OptionChain #optiontrading #optionbuying #niftyoptions #Niftyfutures #NIFTYIT #nifty #zerodha #hdfcbank #Reliance #ICICIBank #ICICI #sbin #hdfcbank #kotak https   t co  oCkTz  r    will close arround        in December       #Xinvest  #USDINR #Gold #Silver #Bitcoin #forexsignal #HPCL #BPCL #IOC #Reliance #Infosys #TCS #inflation Nifty Walls   Top   Call Max OI Strikes Vs Top   Put Max OI Strikes Dated             #nifty   #zerodha #hdfcbank #Reliance #ICICIBank #ICICI #sbin #Infosys #WIPRO #LTIMindtree #KOTAKBANK #BANKBARODA #ADANIENT #SunPharma #NIFTYIT #NIFTYFUTURE #OptionsTrading #optionselling https   t co tz gB qmlj #RelianceIndustries  Chairman #MukeshAmbani will be focusing his attention on the Indian conglomerate s pivot to #greenenergy    https   t co   HJxmJFs  Nifty Scorecard Dated             #nifty   #zerodha #hdfcbank #Reliance #ICICIBank #ICICI #sbin #KotakMahindraBank #Infosys #WIPRO #LTIMindtree #KOTAKBANK #BANKBARODA #adaniports #ADANIENT #SunPharma #DIVISLAB #tvsmotor #reliancejio #banknifty #NIFTYIT #NIFTYFUTURE #NiftyBank https   t co wJaeh MUgD #Reliance  Rating Update https   t co cl QHV FYY                                                                                                                                          #CMYogi #MukeshAmbani #Reliance  myogiadityanath https   t co WpJNYdP oB #Reliance https   t co QsUJbv DpJ  TA Purvesh  TA Purvesh sir will #Reliance next move will decide future of #Nifty   #TeamGarreb https   t co qfoX JfE   UP CM Yogi Adityanath met Reliance Industries Chairman  amp  MD Mukesh Ambani today at Hotel Taj in Mumbai  They discussed on UP s progress as India s Growth Engine  amp  investment opportunities in the UP   MukeshAmbani  myogiadityanath #MukeshAmbani #YogiAdityanath #RelianceIndustries https   t co xO CRBRHxy Hamdard Food Park Cluster to come up in Reliance Model Economic Township at Jhajjar https   t co WIdkAnWjoT #Reliance #ModelEconomicTownship #Jhajjar #Haryana #Hamdard #FoodParkCluster  netindian                 CM                                                                            MD                                                                                                                          #MukeshAmbani #YogiAdityanath #RelianceIndustries #TajPalace https   t co VUl DIeiOD Reliance and HDFC Bank Levels for Friday            Let s see what happens    #reliance #hdfcbank https   t co    nnavzXZ                 CM                                                                            MD                                                                                                                         #MukeshAmbani #YogiAdityanath #RelianceIndustries #TajPalace https   t co yjuF RodBs UP CM Yogi Adityanath met Reliance Industries Chairman  amp  MD Mukesh Ambani today at Hotel Taj in Mumbai  They discussed on UP s progress as India s Growth Engine  amp  investment opportunities in UP      reliancegroup  myogiadityanath #MukeshAmbani #YogiAdityanath #RelianceIndustries https   t co UJc Btb  A #JioCinema #reliance Dear Jio cinema how many times we have to start same movie from beginning  it s quite irritating  hope you know that Very bad Network Last   week and not listen by any one for solutions   So I suggest other don t by jio because he want only customer but he does not keep customers happy  #RelianceJio #Reliance                                                                      #Gujaratimidday #middaynews #business #BusinessMan #BusinessNews #beverages #Reliance  https   t co VMImj mhr  Poll Time    #Sensex #Nifty #SGXNifty #Nasdaq #DowJones #DJIA #stockmarketcrash #BankNifty #Reliance #Titan #Infosys #ITC #TCS #HDFC #ICICI #TVS #psubanks #PSE #IOB #hdfcbank #AxisBank #StocksToTrade #StockMarket #StocksToBuy #GPPL #NiftyBank #NIFTYPSE #NIFTYMETAL Market Analy  Date # Jan     Top Traded Stock Under #NSE    #tradingsetup #ArtificialIntelligence #investing  #BAJFINANCE #ICICIBANK #INFY #BAJAJFINSV #TATASTEEL #RELIANCE #HDFCBANK #AXISBANK #BHARTIARTL #SBIN #ITC #TATAMOTORS #YESBANK #HDFC #TCS  #StocksMarket #StockMarketindia https   t co riyf hPhZF            #RelianceIndustries                                                                                                                        #UttarPradesh #YogiAdityanath #MukeshAmbani            #RelianceIndustries                                                                                                                        #UttarPradesh #YogiAdityanath #MukeshAmbani Jio True  G                                                       #JioTrue G #Reliance #Odisha #Jio #              #vistaranewskannada #vistaranews  https   t co ZwML jk  j                                                     SOSYO                      #reliance #sosyo #ishaambani #mukeshambani #ambani #relianceretail #beverage #softdrinks  #gujaratinews #money gujarati #finance #business #gujaratbuses   https   t co zW khqNm W CM                                             UP                                                  #YogiAdityanath #MukeshAmbani #Reliance #UttarPradesh https   t co r KZ  AZks #Reliance #Jio #UttarPradesh CM Yogi Baba met #Reliance Industries Chairman  amp  Managing Director #MukeshAmbani at Hotel Taj in Mumbai  https   t co vKemvGNYh  I part with the belief  I never believe                     #reliance #OnLine #TheCreation #ecstasy  https   t co DvwMQM wCY  CM Yogi Adityanath met Reliance Industries Chairman  amp  Managing Director Mukesh Ambani at Hotel Taj in Mumbai   #YogiAdityanath  #MukeshAmbani  #UpGlobalSummit      #Reliance https   t co EnzHXjKhlu Worst product ek dum ghatiya bakwas kachra jio book   laptop   Delhi k chor bazar se      mai lekar         mai sell kar raha hai jio shayad #jiobook #Jiodown #JioTrue G #jio g #Reliance #RelianceJio                                     #Reliance https   t co  lv sIEm g #UttarPradesh CM #YogiAdityanath met #Reliance Industries Chairman  amp  Managing Director #MukeshAmbani at Hotel Taj in #Mumbai  https   t co d Vm tbbvh                                                                                                                                                                            #News #DelhiMirror  myogiadityanath #Meeting #RelianceIndustries #MukeshAmbani #Mumbai #Maharashtra https   t co eD WDq hV                                                                                                                                                                             #News #UPMirror  myogiadityanath #Meeting #RelianceIndustries #MukeshAmbani #Mumbai #maharashtra https   t co Iz FbI nW                                                                                                                                                                             #News #AgraMirror  myogiadityanath #Meeting #RelianceIndustries #MukeshAmbani #Mumbai #maharashtra https   t co  BuwTkIBkU CM                                          UP                                                  #YogiAdityanath #MukeshAmbani #Reliance #UttarPradesh https   t co Mh  txKOtC                                                                                                                                     #CMYogi #MukeshAmbani #Reliance https   t co    ULO FWK Market View    Jan #nifty #banknifty #Reliance #hdfclife  #hdfcbank #StocksToBuy #StocksToSell   https   t co  vykOLZB F https   t co YYZoym  Po Reliance consumer products announced that it would acquire a     equity stake in Sosyo Hajoori Beverages   Visit us  https   t co jsOEBXdyPY  #Bengaluru #StockMarket #Reliance #Merge #acquisition #FMCG https   t co eouHHRf  X                                                                                                                                          #CMYogi #MukeshAmbani #Reliance https   t co  jl EwDXLD #RelianceIndustries                                                                       myogiadityanath                                                           #upglobalinvestorssummit #YogiAdityanath #MukeshAmbani https   t co  fEhSBjHOs Microsoft is now building global products in India  CEO Satya Nadella #Microsoft #Nadella #India #VirtualReality #Upi #UnitedPaymentsInterface #Metaverse #TataDigital #RelianceIndustries #Internet #MicrosoftIndia  https   t co UdO z Gxwm Indian consumers in no rush for faster grocery deliveries  Survey #GroceryDelivery #QuickCommerce #Swiggy #Localcircles #Dunzo #SwiggyInstamart #Bigbasket #Reliance  https   t co  nhcBTF Zg                                                                                                                                          #CMYogi #MukeshAmbani #Reliance https   t co D tzpERbEZ  chartians What about this   #Reliance #Nifty   https   t co Np ecBIKRw  Incredible   Support And Resistance   Reliance  #reliance            After Market Levels Performance  https   t co lPBrP  tED #Mumbai                                                                                              inextlive  Dharmendra Lko  #GIS #RelianceIndustries #MukeshAmbani  myogiadityanath https   t co YuaFn E h  Mukesh Ambani Is Betting On THIS To Dominate The Next Decade With Reliance Scions  #Reliance #MukeshAmbani #IshaAmbani #AnantAmbani #AkashAmbani #KaranAdani #Business https   t co  Ouv YUU y #NEWS #Reliance #Tata #ITC #MukeshAmbani #Ambani #Startup #DT #Independence #FMCG #Daboya #Daboyatechnologies US Stock Market Recap        Watch our Report of Sector wise Yearly Returns  For More Info Join Our Reflection Community   https   t co dIucDJlWeH  #Reflection #Blockchain #Cryptocurrency #Crypto #Trader #tokenizedstock #DIA #RELIANCE #BerkshireHathaway #StableCoins #trading https   t co ZddwujqwEU #RelianceIndustries  RELIANCE Daily #Stock Chart with    days #Fibonacci Retracement Levels Fibonacci #Support Levels                          Fibonacci #Resistance Levels                          Open account at https   t co giz  B qdU and start #investing in #StockMarket https   t co CKpcKXFXQA Reliance                                                                       #middaynews #business #BusinessMan #BusinessNews #RelianceIndustries #Reliance #MukeshAmbani #dhirubhaiambani #anantambani #akashambani #ShlokaMehta #greenenergy #ishaambani   https   t co dCBPra  gU https   t co mJNNCbGR E New House of Manoj Modi Employee of Reliance  Cost       million or INR      crores     floors  amp  gifted by businessman Mukesh Ambani  The Inside Story   #ril #relianceindustries #jiomobile #jiomart #retail  https   t co PUkaWodxvV RELIANCE     Two trendlines making one Common Support    Near Long term Support too  Good Bounce possible from Trendline or in Near term soon    Watch Closely    #Reliance #StockMarket #stocks #StocksToBuy #investor https   t co Ofu AZXEqb Cybersecurity and network engineers among most sought after job profiles in telecom in      #NetworkSecurity #Healthcare #Airtel #CloudComputing #DataScientists #BhartiAirtel #VodafoneIdea #Reliance #Airtel  https   t co EbKF  Dw A I trust the guidance of Soul  I flow down the river of Life                         Now is all        #GoingDownstream #reliance #Soul #NowIsAll https   t co PkzxSOY s                                     https   t co VawIy Upv  #Reliance #RelianceIndustries #BusinessNews  Reliance Jewels is Hiring  Apply Here   gt  https   t co BxBidvbAyP  Telegram Link   gt  https   t co g ZAVW zb   #Reliance #jewels #hiring https   t co NewlTx IYx Bloomberg  Mukesh Ambani Drives     Billion Reliance Green Bet With Children Heading Units  #reliance  https   t co   I hoz jT  via  GoogleNews Unknown Facts About Mukesh Ambani s        Crores Antilia    #MukeshAmbani #Reliance #antilia #mumbai   https   t co NiiHIeyBmQ Here is a list of the top tax paying companies in India in the fiscal year        FY      #swyomcapital #wealthmanagement #money #income #hasslefree #highesttaxpayingcompanies #reliance #equity #growth #financialservices #taxpayers #infosys #icici #tatasteel #TCS #financeadvisor Jio signs deal with Manchester City to become mobile communications network partner in India #akashambani #city #Jio #JioPlatformsLimited #jioengage #mancity #Reliance #reliancejioinfocommlimited #rise #RISEWorldwide https   t co Rf  YGKmNT https   t co  rmMx QlHA #Nifty #Banknifty in January      #Reliance #HDFCBANK #GANN #financialastrology  #stockmarketindia #astrologyforstocks   https   t co WeoQxpRNsw via  YouTube #RelianceIndustries  Chairman #MukeshAmbani will be focusing his attention on the Indian conglomerate s pivot to green energy   https   t co   HJxmJFs  To support the   th Edition of the Pravasi Bharatiya Divas and Global Investors Summit to be held in Indore in January       Reliance Jio confirms the launch of True  G in Indore and Bhopal    # gIndia # gnetwork #reliance #reliancejio #mukeshambani #reliancedigital #indianews https   t co pV AWCgcOd One of the fake and worst company  RelianceDigital shows insta delivery but still not received Dear  JioCare  reliancejio please cancel my order and refund immediately    Order ID   RDF           #FakeReliance #FakeCompany #jio #Reliance #india Evening Market Set Up  #Nifty ended below the psychological mark of       in today s trade led by selling in a few index heavyweights like #Bajaj twins and #HDFC twins followed by other stocks like #Reliance   Bajaj Finance #NiftyBank #BajajFinance From complex asset pooling and low ball offers to a rather fashionable e auction  everything has been tried in this insolvency  #Reliance   Read  Vishwanath     s report   https   t co JYfJ HzBJe Tchinical Analisys Update #  Jan           Stock   #RELIANCE    Min RSI           Min RSI Comment  Weak with Negative Bais    Min Histogram       Bearish #investing #nifty #nifty   #StockMarcket #business #finance #Financial #invest #stocks #technical #analisys India is showing intense tech usage  Microsoft investments significant  Satya Nadella #MicrosoftSatyaNadella #SatyaNadella #India #Microsoft #Tatas #StateBankOfIndia #SencoGold #Reliance #StateBankOfIndia #Reliance  https   t co Rd J Nc R  #Reliance day high of      #CMP       Happy Trading  #MWM #StockMarket  #NSE #Analysis #FnO #JIO LAUNCHES TRUE # G IN #Odisha   Source  #NSE  #BSE   #stockmarket #investing  #RELIANCE https   t co   P hEaldU                                                                                                                  #rajkot #rcr #rangchherajkot #update #reliance #bignews #softdrink #sosyo #rcrnews #joinme #rcr https   t co v lT  XNHr                      year                                  year                                   #nifty #sensex #indianmarket #india #reliance #Reliance    on the #NSE #Block of        shares at Rs          worth      crore rupees at      PM #blockdeal #intraday #trade  #Sundram    on the #NSE #Block of         shares at Rs          worth       crore rupees at      PM #Lupin     CE  Observe the #PriceAction in the chart      #ChartAnatomy  #reliance #BREAKOUTSTOCKS #stockmarketcrash #StocksToBuy #StockMarket #AdaniEnt #BankNifty #StockMarketindia #niftyit #yesbank https   t co W    KiAPu #India s small and medium #businesses  SMBs  is set to get boost with the #Facebook and #Reliance deal Facebook announced to invest Rs        crore into #JioMart #jio   Facebook and Reliance Deal to push JioMart through WhatsApp https   t co BfmIrCRnii T  Banknifty Future Buy       #StocksInFocus  #StockMarket #StocksToBuy #TradingView #Banknifty #Nifty   #finnifty #Breakout #SharkTankIndiaS  #HappyNewYear #reliance #BajajFinance #bajajfinserv #hdfcbank #GOLD #sensex #adani https   t co vbs TRYpZh #OptionChain   #RELIANCE #Stock #Bearish #PCR       Max #CA buildup at      windup at      #PE buildup at      windup at      High #OI CA at                PE at                Open account at https   t co giz  B qdU and start #investing in #StockMarket https   t co  Fzjl Pncf Jio launches True  G in Odisha  #RelianceIndustries #INE   A      #Jio #True GServices #Odisha   https   t co alcOk HtxE https   t co Hh Lwk     #Lupin     CE               Can b Carry Forwarded    #ChartAnatomy #reliance #BREAKOUTSTOCKS #stockmarketcrash #StocksToBuy #StockMarket #AdaniEnt #BankNifty #StockMarketindia #niftyit #yesbank MARKETS MAY FLUCTUATE BUT INVESTING CONSISTENTLY IS ALWAYS GREAT  #INVEST   amp  RELAX WITH YOUR #INVESTING  JOIN US NOW   https   t co dIucDJlWeH  #Reflection #Blockchain #Cryptocurrency #Crypto #Trader #tokenizedstock #DIA #RELIANCE #BerkshireHathaway #Exxon #StableCoins #trading https   t co ounyUxvmSe #reliance  Time for bulls jo join party https   t co jv mIfdw L Noticed in last few years  in Most Casino Days #Reliance play major role to fuck #Retailers Derivatives Traders https   t co  n  FklcHX Mukesh Ambani                                                                            #reliance #mukeshambani #          #              https   t co CpnmRTnbvb #RelianceIndustries  RELIANCE Daily #Stock Chart with    days #Fibonacci Retracement Levels Fibonacci #Support Levels                  Fibonacci #Resistance Levels                           Open account at https   t co giz  B qdU and start #investing in #StockMarket https   t co  h u  bhuc UBS has maintained its  buy  rating on #RelianceIndustries with an unchanged target price of        apiece  which represents a potential upside of     from the stock s previous closing price   #stockmarket #Stockpicks #investing   https   t co  V aJUm TT Trailing SL triggered in Reliance at         Monthly intraday P amp L           without leverage   Follow ups of our Intraday Trades are available first at https   t co YppXZvyhOT #reliance #nifty #intraday #RelianceIndustries  RELIANCE Last   months Daily #StockMovement Line #Chart Max downward movement was       Max upward movement was       Stock majorly moved between        and       Open account at https   t co giz  B qdU and start #investing in #StockMarket #NSE #BSE https   t co icK QO EWA                    G                                                                          #Jio     G        #AshwiniVaishnaw #DharmendraPradhan #MukeshAmbani #RelianceIndustries #Odisha https   t co cNkJV IKpq Alert Sell #RELIANCE CMP          #NimblrTA   Alerts are delayed and for educational purpose only  For live alerts and screener use tools at https   t co KXTzCDDkXv  Join on Telegram  https   t co cOyLHLAE   https   t co TxMoiYQGm  Time to lock the profits  Move SL to         #reliance Move SL to       Nothing at stake on this trade now  #RELIANCE RELIANCE    #RELIANCE   Company update https   t co Ydl sHtsk   #investing https   t co vvFkkKDeet JIO LAUNCHES TRUE  G IN ODISHA  #RELIANCE #JIO #LAUCHES # G #ODISHA https   t co  AwwkOlwZf          #Crude #CrudeOil #Nifty #NIFTYIT #NIFTYPSE     Nifty CAPITAL protection call    st call  sold at         nd call   Again Sold at               gt         #trading #SGXNifty #BiggBossTamil  #Reliance #OptionsTrading  #VarisuTrailer #Thalapathy     #nseindia #Trader #stocks https   t co lFTPjfh HW Isha Ambani is leading Reliance Retail on a path of tremendous inorganic growth targeting acquisitions and smaller FMCG companies across the country    Watch  https   t co nscDbNpLnk   #IshaAmbani #FMCG #MukeshAmbani #Reliance https   t co  uUYcc H   A bidding process at #Reliance Capital has turned into one of #IBC s core questions  process sanctity or value maximisation   Read  Vishwanath     s report    https   t co JYfJ HA yM For  #Intellect     PE  Clearly mentioned    Don t Miss     amp  it Rewarded  amp  Rewarding as expected                #ChartAnatomy #reliance #BREAKOUTSTOCKS #stockmarketcrash #StocksToBuy #StockMarket #AdaniEnt #BankNifty #StockMarketindia #niftyit #yesbank Move SL to      #Reliance #Intellect     PE  unSTOPpable                made                     #ChartAnatomy #reliance #BREAKOUTSTOCKS #stockmarketcrash #StocksToBuy #StockMarket #AdaniEnt #BankNifty #StockMarketindia #niftyit #yesbank We are underperforming all major Asian Indices  IT and Financial stocks dragging down #Nifty   #Reliance also under pressure for second consecutive day   What is the fear factor for us   upcoming results season or Union Budget    #stocks The Green Hydrogen Economy Will Need To Nurse India s Water Economy Too   AdaniOnline  MainstreamRP  Officialmesl #Reliance   H  SouthTyrol    https   t co  VD CjmloH Prithvi Ambani s Birthday Bash  From Exquisite D cor To Fun Rides And Food Stalls  Take Look At The Pictures Videos Of The Venue  #Trending #Viral #Reliance   https   t co DT IXDdWO  Tchinical Analisys Update #  Jan           Stock   #RELIANCE   Day RSI          Day RSI Comment  Weak with Negative Bais   Day Histogram        Bearish #investing #nifty #nifty   #StockMarcket #business #finance #Financial #invest #stocks #technical #analisys BEARS BE CAUTIOUS  #RELIANCE   Mota bhai may rock  CMP days low Alert Sell #RELIANCE CMP         #NimblrTA   Alerts are delayed and for educational purpose only  For live alerts and screener use tools at https   t co KXTzCDDkXv  Join on Telegram  https   t co cOyLHLAE   https   t co BTqGnlNfbz This time who #Reliance or #Adani    https   t co KKxwkJC  y Banknifty Looking For Reversal From Here  Last Support for Buyers         #Nifty #banknifty #Traders #StockMarketindia #stockmarkets #Options #optionbuyers #reliance #HDFCBank https   t co CEp  xunpv Mukesh Ambani to pass buck to Akash Anant Isha for     billion #GreenInvestment  #Reliance  #India #Business #Investment  https   t co qT  nTLv t Via https   t co BNvPT wabS https   t co  RkSSOWqZK Reliance Industries Ltd   will be focusing his attention on the Indian conglomerate s pivot to green energy  according to people familiar with the matter  after putting his children in charge of other businesses  #Reliance #MukeshAmbani #Investment #GreenEnergy https   t co dnbkJeApEt Did you know  The legendary Italian car brand  Ferrari  originated in Italy in        #Reliance #RelianceIndustries #GeorgiaGullini https   t co mm xhBMfS  Since morning #Reliance was holding #Nifty  It seems Reliance has given up  #Bears might have really attacked it in a big way D  For educational purpose only  T  https   t co ERo  diYP  #OptionsTrading #options #optionbuying #StockMarket #stocks #trading #NSE #niftyOptions #Reliance                                                                                     #MukeshAmbani #Reliance #greenenergy #RelianceRetail #business #latestnews #moneycontrol https   t co HizsmLuyyP                                                                            #Reliance #PercentStake #Beverages #sosyo   https   t co k mOrnlB G Trade Active #reliance   A decade ago  the global economy was being set for one of the longest continuous stretches of economic growth     It s       and you have   L     Where are you investing   Bitcoin  #BTC   Tesla  #TSLA    Reliance  #Reliance    #BTC #Bitcoin     Let us know in the comments https   t co T  nmuICcQ #JubilantFood    on the #NSE #Block of         shares at Rs         worth      crore rupees at       AM #blockdeal #intraday #trade  #Reliance    on the #NSE #Block of        shares at Rs          worth      crore rupees at       AM #news #Reliance #evcharging https   t co SEneequR X Dunzo is improving incentives for delivery partners  says CEO #Dunzo #Biswas #RelianceIndustries #PanCard #FoodInflation  https   t co  PACQ   Ly #GodrejCP     CE  made                     #ChartAnatomy #reliance #BREAKOUTSTOCKS #stockmarketcrash #StocksToBuy #StockMarket #AdaniEnt #BankNifty #StockMarketindia #niftyit #yesbank Sell Reliance for intraday once it breaks       Target             SL          #reliance #nifty #intraday https   t co UwWugOygzj #RelianceInd  Buy Reliance Industries at             add more at               amp  more at              sl      for probable targets of       amp       #vision #value #investments #wealth #bseindia #nseindia #Reliance  #Ambani #reliance below      will be extremely bearish targets                can be achieved on intraday #Nifty   https   t co qpbmPFK r     #Reliance GAIL  Major green hydrogen energy players are set to benefit after the government on Wednesday approved the National Green Hydrogen Mission with an allocation of         crore  aimed at producing   million tonnes of green hydrogen annually by       #GodrejCP     CE  faayerred         made         #ChartAnatomy #reliance #BREAKOUTSTOCKS #stockmarketcrash #StocksToBuy #StockMarket #AdaniEnt #BankNifty #StockMarketindia #niftyit #yesbank #MukeshAmbani driving     billion green bet as scions helm other #Reliance units  Mukesh Ambani  the billionaire chairman of Reliance Industries Ltd   will be focusing his attention on the Indian conglomerate s pivot to #green energy  https   t co RLmJhNLXwy #GodrejCP     CE           #ChartAnatomy #reliance #BREAKOUTSTOCKS #stockmarketcrash #StocksToBuy #StockMarket #AdaniEnt #BankNifty #StockMarketindia #niftyit #yesbank Reliance arm to acquire     stake in Gujarat based Sosyo Hajoori Beverages  Business  amp  Financial News   Share Market News   Stock Market #businessnews #financialnews #marketupdate #stockmarketnews #sharemarketnews #gold #iponewslatest #orientcement #apple #tesla #reliance https   t co fIpFiUawXn Kya Lagta Hai #DHIRUBHAI Aaj Weekly Expiry ko Positive Banayenge   #RELIANCE cash cmp           Support              High         Low      Union cabinet approves Rs        Cr for National Green hydrogen mission    #Reliance #Adani  L amp T have big plans on Green hydrogen project    ACME Grp to invest Rs        Cr Hydrogen plant in #TamilNadu https   t co VTxbFEjaa  #RELIANCE daily chart   #StocksToWatch #StocksInFocus #stocks https   t co  yJVoUJzyW #Reliance     Buy #Reliance Fut cmp      #Nifty Bought #reliance      ce at    #Reliance  short krneka man kr rha h  Can I do    Part with the belief  I never believe                     #beingness #OnLine #TheCreation #reliance  https   t co szGHt S  k The more you trust your life  the more the conditions that was given to your Life become the consequence to act on a plus                                         #Wisdom #blessing #reliance  https   t co bZx pdn g  #Reliance      Mukesh Ambani Driving     Billion Green Bet As Scions Helm Other Reliance Units  Read more at  https   t co IEIRROseTN Copyright   BQ Prime #crude price fall #reliance share price #jreliance share news #pharma stocks #corona news #corona latest news #covid latest news #reliance stock news #stock market fall reason #stock market fall #stock market crash #stock market #sbi share news #awl share news  #patanjali share https   t co CMDFfvvIPd Daily Update #  Jan           Stock   #RELIANCE OPEN       HIGH          LOW       CLOSE          PreClose          Change                 #investing #nifty #nifty   #StockMarcket #business #finance #Financial #invest #stocks #NIFTY   IS OPENING    POINTS GAP UP  IF NO SELLING AT OPENING  IT SHALL SUSTAIN AND TRY TO MOVE UP  STOCKS TO TRADE  #RELIANCE  #TCS  #BAJFINANCE  #BHARTIARTL  #ICICIBANK #frontpage app #SelfRespect #reliance https   t co h Qx MFe   Microsoft is now building global products in India  CEO Satya Nadella #Microsoft #Nadella #India #VirtualReality #Upi #UnitedPaymentsInterface #Metaverse #TataDigital #RelianceIndustries #Internet #MicrosoftIndia  https   t co ytv PfVDor #Market #Update  Follow  StockInvesta now  #StockMarket #niftyOptions #banknifty #StocksToBuy #StocksInFocus #StockMarketIndia #Zerodha #StockToWatch #DowJones #NASDAQ #VerifiedBySensibull #AXISBANK #sharemarket #optionbuying #HDFCLIFE #Reliance #Adani #Dmart #SGXNifty #Expiry https   t co  bMTifpizv #MukeshAmbani will be focusing on #Reliance s pivot to green energy  after putting his children in charge of other businesses      https   t co   HJxmKdhH Cloud Economics  The CIO Handbook #RajeevBatra #GopiThangavel #RelianceIndustries #Ibm #GroupTechnologyOfficer #GroupCio #EtcioCloudAndDataCenterSummit #AbhishekSukhwal #MahindraMahindra #BennettColeman  https   t co QnSNNMzSmx Microsoft is now building global products in India  CEO Satya Nadella #Microsoft #Nadella #India #VirtualReality #Upi #UnitedPaymentsInterface #Metaverse #TataDigital #RelianceIndustries #Internet #MicrosoftIndia  https   t co H DQohMSZs Microsoft is now building global products in India  CEO Satya Nadella #Microsoft #Nadella #India #VirtualReality #Upi #UnitedPaymentsInterface #Metaverse #TataDigital #RelianceIndustries #Internet #MicrosoftIndia  https   t co  hYVze oWy            Sosyo                                                                                                                            #Reliance   #SosyoHajooriBeverages   #PrivateLimited https   t co Jw wS  M n India showing intense tech usage I ve not seen before  Satya Nadella #Microsoft #SatyaNadella #India #Tatas #StateBankOfIndia #SencoGold #Reliance #TataDigital #Jio #StateBankOfIndia #Reliance #Internet  https   t co yaCXySliU  India showing intense tech usage I ve not seen before  Satya Nadella #Microsoft #SatyaNadella #India #Tatas #StateBankOfIndia #SencoGold #Reliance #TataDigital #Jio #StateBankOfIndia #Reliance #Internet  https   t co DlIzW SDrm #JIO #MukeshAmbani #AkashAmbani #sandipdas #telecommunication #  days #recharge  reliancejio  reliancegroup #Reliance https   t co dA   e CFQ #Reliance  Will it break the trend line or bounce       is strong support  Can bounce from that level  But Daily close below      is a trouble  https   t co XvCuBpdCIu #RELIANCE  Head and Shoulders Breakout https   t co   MEfpC bz #RelianceIndustries  RELIANCE Monthwise Daily High   Low Movement Box Plot Avg day swing for last month is       Avg day swing for last   months is       https   t co A kjyzeKx ,"{'neg': 0.03, 'neu': 0.88, 'pos': 0.09, 'compound': 0.9996}",0.9996,0.072408884,"{'anger': 0.0036185610898254576, 'anticipation': 0.0140485312899106, 'disgust': 0.001277139208173691, 'fear': 0.004469987228607918, 'joy': 0.011068539804171988, 'negative': 0.005321413367390379, 'positive': 0.034057045551298425, 'sadness': 0.0019157088122605363, 'surprise': 0.0034057045551298426, 'trust': 0.027032779906343125}",0.028735632,0.003618561,0.014048531,0.004469987,0.01106854,0.001915709,0.003405705,0.02703278,0.001277139,2542.81
